<?xml version="1.0" encoding="UTF-8"?>
<config xmlns="http://www.knime.org/2008/09/XMLConfig" xmlns:xsi="http://www.w3.org/2001/XMLSchema-instance" xsi:schemaLocation="http://www.knime.org/2008/09/XMLConfig http://www.knime.org/XMLConfig_2008_09.xsd" key="preprocessing">
    <config key="preprocColumns">
        <entry key="array-size" type="xint" value="11"/>
        <entry key="0" type="xstring" value="season"/>
        <entry key="1" type="xstring" value="yr"/>
        <entry key="2" type="xstring" value="hr"/>
        <entry key="3" type="xstring" value="holiday"/>
        <entry key="4" type="xstring" value="workingday"/>
        <entry key="5" type="xstring" value="weathersit"/>
        <entry key="6" type="xstring" value="temp"/>
        <entry key="7" type="xstring" value="atemp"/>
        <entry key="8" type="xstring" value="hum"/>
        <entry key="9" type="xstring" value="windspeed"/>
        <entry key="10" type="xstring" value="cnt"/>
    </config>
</config>
